{"mean": 80.12240515390121, "std": 9.962476798703115, "interval": 15.763139756781099}